timestamp,ip,packet_size,request_rate,label
1730895687.394656,192.168.0.104,546,85,Port_Scan
1730895696.2395086,192.168.0.113,1008,95,Port_Scan
1730895697.4061842,192.168.0.119,1352,98,DDOS
1730895706.2545943,192.168.0.123,666,9,Port_Scan
1730895707.4107423,192.168.0.122,1327,94,DDOS
1730895716.2675588,192.168.0.115,798,90,Normal
1730895717.421558,192.168.0.200,799,27,Normal
1730895726.2745879,192.168.0.185,1018,40,Port_Scan
1730895727.4345064,192.168.0.126,1137,18,Port_Scan
1730895736.2897577,192.168.0.151,1038,2,Port_Scan
1730895737.439008,192.168.0.70,1320,51,Port_Scan
1730895746.2992475,192.168.0.13,1296,55,Normal
1730895747.444052,192.168.0.127,1271,83,DDOS
1730895756.306368,192.168.0.31,1248,27,DDOS
1730895757.4457505,192.168.0.212,712,46,DDOS
1730895766.3147707,192.168.0.211,952,13,DDOS
1730895767.4601562,192.168.0.181,1373,52,Normal
1730895776.3257453,192.168.0.134,1433,19,DDOS
1730895777.472266,192.168.0.193,1118,89,Normal
1730895786.3336303,192.168.0.118,701,86,Normal
1730895787.4785576,192.168.0.224,1475,47,Port_Scan
1730895796.3468213,192.168.0.189,884,23,Normal
1730895797.4858198,192.168.0.237,1044,77,Normal
1730895806.3576353,192.168.0.44,599,51,DDOS
1730895807.4957883,192.168.0.26,574,63,Port_Scan
1730895816.3685129,192.168.0.30,1002,7,DDOS
1730895817.5107362,192.168.0.167,1200,35,DDOS
1730895826.369976,192.168.0.87,1184,62,Normal
1730895827.5249364,192.168.0.159,568,3,DDOS
1730895842.989614,192.168.0.215,1394,1,Normal
1730895852.3593698,192.168.0.219,540,4,DDOS
1730895852.9947517,192.168.0.50,1007,83,DDOS
1730895862.3767214,192.168.0.23,966,7,Port_Scan
1730895863.0055954,192.168.0.63,1096,24,DDOS
1730895872.3833416,192.168.0.163,688,41,Port_Scan
1730895873.020423,192.168.0.39,1147,23,Normal
1730895882.399071,192.168.0.125,1001,83,Normal
1730895883.0278103,192.168.0.175,1487,45,Normal
1730895892.4052775,192.168.0.135,1067,32,DDOS
1730895893.0372584,192.168.0.211,1250,95,Port_Scan
1730895902.4151962,192.168.0.72,843,83,DDOS
1730895903.0457213,192.168.0.126,663,92,DDOS
1730895912.427197,192.168.0.154,1256,51,Port_Scan
1730895913.0568552,192.168.0.201,1460,31,DDOS
1730895922.4407434,192.168.0.23,963,58,Port_Scan
1730895923.0727544,192.168.0.208,1184,13,Port_Scan
1730895932.452255,192.168.0.127,629,82,Normal
1730895933.085389,192.168.0.111,1340,18,DDOS
1730895942.471488,192.168.0.51,1155,10,DDOS
1730895943.1000338,192.168.0.199,1296,22,DDOS
1730895952.4934583,192.168.0.170,1299,35,Port_Scan
1730895953.1088104,192.168.0.12,1401,87,Port_Scan
1730895973.10534,192.168.0.84,1273,96,DDOS
1730895982.0951827,192.168.0.115,1395,74,DDOS
1730895983.1151795,192.168.0.2,1249,11,DDOS
1730895992.1106856,192.168.0.186,1070,29,Normal
1730895993.1226346,192.168.0.19,1397,41,Normal
1730896002.1224883,192.168.0.100,562,12,DDOS
1730896003.1334827,192.168.0.99,948,1,DDOS
1730896012.129551,192.168.0.153,1203,45,Normal
1730896013.1393518,192.168.0.47,1339,98,Port_Scan
1730896022.134332,192.168.0.176,1445,80,Normal
1730896023.141351,192.168.0.112,583,40,Port_Scan
1730896032.1509125,192.168.0.100,885,89,DDOS
1730896033.147455,192.168.0.102,1215,50,DDOS
1730896042.1631365,192.168.0.76,1035,74,Port_Scan
1730896043.151488,192.168.0.8,931,74,DDOS
1730896052.1744914,192.168.0.147,1231,69,DDOS
1730896053.16762,192.168.0.158,1043,88,Port_Scan
1730896062.1842926,192.168.0.238,1082,46,Port_Scan
1730896063.1832051,192.168.0.202,647,95,Port_Scan
1730896072.1926906,192.168.0.132,1235,14,Normal
1730896073.186548,192.168.0.164,1385,74,Port_Scan
1730896082.1958566,192.168.0.84,581,78,Port_Scan
1730896083.2033486,192.168.0.234,1029,19,Normal
1730896092.2028058,192.168.0.194,539,73,Port_Scan
1730896093.2137995,192.168.0.226,915,56,DDOS
1730896102.2134638,192.168.0.185,1291,54,DDOS
1730896103.2197888,192.168.0.51,1308,26,Normal
1730896112.2211,192.168.0.156,646,49,Normal
1730896113.226003,192.168.0.35,575,76,Normal
1730896122.230656,192.168.0.24,799,72,Normal
1730896123.2357574,192.168.0.214,1012,55,Port_Scan
1730896132.2368894,192.168.0.157,1203,11,Normal
1730896133.2391477,192.168.0.175,1253,70,Port_Scan
1730896142.2451873,192.168.0.51,1005,69,Port_Scan
1730896143.241103,192.168.0.238,572,56,Normal
1730896152.2562468,192.168.0.202,502,64,Port_Scan
1730896153.2550335,192.168.0.77,1033,80,Normal
1730896162.2733197,192.168.0.92,1378,31,DDOS
1730896163.2723207,192.168.0.131,563,56,DDOS
1730896172.2901685,192.168.0.199,854,81,Normal
1730896173.2851882,192.168.0.17,618,44,Port_Scan
1730896182.305152,192.168.0.33,958,27,Port_Scan
1730896183.300832,192.168.0.88,1426,69,DDOS
1730896192.3171122,192.168.0.106,1404,97,Normal
1730896193.3106253,192.168.0.76,1058,29,Port_Scan
1730896202.3192582,192.168.0.12,1026,91,Normal
1730896203.320268,192.168.0.92,1059,21,Normal
1730896212.3283648,192.168.0.168,853,74,DDOS
1730896213.327627,192.168.0.183,1057,92,Port_Scan
1730896222.341695,192.168.0.148,883,7,Normal
1730896223.3340108,192.168.0.133,1352,94,Normal
1730896232.3523533,192.168.0.156,779,75,Normal
1730896233.3502474,192.168.0.94,1400,72,DDOS
1730896242.3564153,192.168.0.213,1103,16,Normal
1730896243.3585594,192.168.0.55,731,98,DDOS
1730896252.371777,192.168.0.218,508,88,Normal
1730896253.3631027,192.168.0.111,1129,12,Port_Scan
1730896262.3756125,192.168.0.125,615,57,Normal
1730896263.3674552,192.168.0.43,708,27,Port_Scan
1730896272.3864892,192.168.0.121,1135,36,Normal
1730896273.382643,192.168.0.249,1329,62,Normal
1730896282.3922088,192.168.0.144,1468,71,Port_Scan
1730896283.3865407,192.168.0.245,799,11,Normal
1730896292.4055626,192.168.0.178,501,31,Port_Scan
1730896293.399615,192.168.0.90,1421,23,Normal
1730896302.4152627,192.168.0.115,599,89,DDOS
1730896303.4039092,192.168.0.105,1463,80,Normal
1730896312.41924,192.168.0.110,558,81,Port_Scan
1730896313.4112194,192.168.0.18,1454,47,Normal
1730896322.430077,192.168.0.55,1061,88,Normal
1730896323.4270902,192.168.0.59,1040,72,DDOS
1730896332.4386275,192.168.0.186,1418,29,Port_Scan
1730896333.4417293,192.168.0.149,988,31,Normal
1730896342.446068,192.168.0.227,845,31,Normal
1730896343.4471185,192.168.0.202,1149,49,Normal
1730896352.4530258,192.168.0.146,697,3,Port_Scan
1730896353.4519737,192.168.0.250,1486,66,Port_Scan
1730896362.4680123,192.168.0.220,645,1,Port_Scan
1730896363.4572115,192.168.0.20,1391,92,DDOS
1730896372.484038,192.168.0.208,968,43,DDOS
1730896373.463968,192.168.0.9,1060,65,Port_Scan
1730896382.4882264,192.168.0.210,1347,93,DDOS
1730896383.4678915,192.168.0.215,899,26,Port_Scan
1730896392.4992409,192.168.0.75,1062,79,Port_Scan
1730896393.4742408,192.168.0.48,1298,40,Normal
1730896402.5103867,192.168.0.131,867,43,DDOS
1730896403.7985575,192.168.0.213,761,66,DDOS
1730896413.0457485,192.168.0.220,718,72,DDOS
1730896413.8072278,192.168.0.17,661,24,Port_Scan
1730896423.0564184,192.168.0.83,945,29,DDOS
1730896423.8151417,192.168.0.184,1474,6,DDOS
1730896433.071064,192.168.0.25,1055,3,Port_Scan
1730896433.8282204,192.168.0.37,792,52,DDOS
1730896443.0822244,192.168.0.159,1271,52,Port_Scan
1730896443.8422174,192.168.0.23,1334,50,Port_Scan
1730896453.0865471,192.168.0.137,1085,14,DDOS
1730896453.8466287,192.168.0.249,1152,14,Port_Scan
1730896463.0973682,192.168.0.57,656,62,DDOS
1730896463.8593242,192.168.0.62,663,68,Normal
1730896473.1092527,192.168.0.118,583,41,Port_Scan
1730896473.8658414,192.168.0.95,586,52,DDOS
1730896483.1233044,192.168.0.152,1466,70,Normal
1730896483.882462,192.168.0.5,652,76,Normal
1730896493.1264043,192.168.0.54,609,96,DDOS
1730896493.896315,192.168.0.37,1376,41,Normal
1730896503.1407058,192.168.0.219,1173,72,DDOS
1730896503.899976,192.168.0.247,516,22,Port_Scan
1730896513.1458075,192.168.0.61,1274,82,DDOS
1730896513.9157002,192.168.0.126,1341,69,DDOS
1730896523.1618004,192.168.0.178,670,97,Port_Scan
1730896523.9185889,192.168.0.143,1465,38,Port_Scan
1730896533.1687582,192.168.0.79,1398,28,DDOS
1730896533.9257572,192.168.0.248,566,97,Port_Scan
1730896543.177599,192.168.0.252,995,19,Port_Scan
1730896543.9315953,192.168.0.97,1350,58,Normal
1730896553.1838129,192.168.0.207,1255,36,Normal
1730896553.939837,192.168.0.130,902,81,Port_Scan
1730896563.1855385,192.168.0.135,665,80,Normal
1730896563.941877,192.168.0.206,1078,69,DDOS
1730896573.19476,192.168.0.115,1270,25,Port_Scan
1730896573.9509358,192.168.0.185,904,79,Normal
1730896583.2006154,192.168.0.18,1396,63,DDOS
1730896583.9598448,192.168.0.67,1056,73,Port_Scan
1730896593.211941,192.168.0.121,1467,46,DDOS
1730896593.9676273,192.168.0.155,1430,61,Normal
1730896603.2257779,192.168.0.66,1161,27,Port_Scan
1730896603.976681,192.168.0.162,921,65,DDOS
1730896613.2368667,192.168.0.157,870,52,DDOS
1730896613.9867678,192.168.0.194,1149,83,DDOS
1730896623.2523868,192.168.0.139,518,85,DDOS
1730896624.0023959,192.168.0.16,1364,43,Port_Scan
1730896633.2679539,192.168.0.253,1468,19,Port_Scan
1730896634.0170994,192.168.0.246,953,66,Port_Scan
1730896643.2709374,192.168.0.160,519,6,DDOS
1730896644.0207844,192.168.0.169,805,57,Port_Scan
1730896653.2763374,192.168.0.164,796,61,Normal
1730896654.0288754,192.168.0.134,1316,35,Port_Scan
1730896663.2916322,192.168.0.19,1355,1,Port_Scan
1730896664.0339277,192.168.0.206,576,12,Normal
1730896673.3051016,192.168.0.13,876,52,Port_Scan
1730896674.050962,192.168.0.115,597,18,Port_Scan
1730896683.3105931,192.168.0.99,533,59,DDOS
1730896684.0636816,192.168.0.64,741,61,Normal
1730896693.3268373,192.168.0.233,566,63,Port_Scan
1730896694.0740714,192.168.0.29,731,83,Normal
1730896703.3437548,192.168.0.233,1132,60,Port_Scan
1730896704.0764914,192.168.0.218,995,59,Normal
1730896713.3538496,192.168.0.162,960,85,Normal
1730896714.0926194,192.168.0.218,1247,14,DDOS
1730896723.3591938,192.168.0.109,1255,12,Port_Scan
1730896724.1085062,192.168.0.212,720,59,Port_Scan
1730896733.3704255,192.168.0.17,822,27,Normal
1730896734.122598,192.168.0.73,1269,56,Normal
1730896743.3808842,192.168.0.151,1094,36,Normal
1730896744.1356647,192.168.0.121,953,75,Port_Scan
1730896753.3896644,192.168.0.208,802,40,DDOS
1730896754.140504,192.168.0.71,964,91,Port_Scan
1730896763.4057708,192.168.0.91,1274,84,DDOS
1730896764.1558523,192.168.0.203,1022,11,DDOS
1730896773.410933,192.168.0.30,1219,92,DDOS
1730896774.1658978,192.168.0.174,535,70,Port_Scan
1730896783.4208066,192.168.0.143,767,82,Normal
1730896784.1767693,192.168.0.117,540,63,DDOS
1730896793.4272594,192.168.0.216,1224,71,DDOS
1730896794.182437,192.168.0.184,615,80,Port_Scan
1730896803.4329045,192.168.0.198,781,71,Port_Scan
1730896804.1891437,192.168.0.19,730,12,Normal
1730896813.4429848,192.168.0.148,1127,44,Port_Scan
1730896814.2018661,192.168.0.30,874,95,Normal
1730896823.4519377,192.168.0.20,1196,47,Port_Scan
1730896824.2062936,192.168.0.211,1075,32,DDOS
1730896833.4565957,192.168.0.5,1156,26,Normal
1730896834.2083018,192.168.0.62,1323,1,Port_Scan
1730896843.4713802,192.168.0.3,513,8,Normal
1730896844.213202,192.168.0.133,1055,50,DDOS
1730896853.4792564,192.168.0.224,1431,31,Normal
1730896854.217453,192.168.0.120,1467,56,Normal
1730896863.4951549,192.168.0.214,1412,77,Port_Scan
1730896864.2202735,192.168.0.67,1258,97,Port_Scan
1730896873.5024219,192.168.0.202,726,75,Normal
1730896874.2255487,192.168.0.193,1373,70,DDOS
1730896883.514387,192.168.0.112,1274,20,Port_Scan
1730896884.2415905,192.168.0.54,1041,16,DDOS
1730896893.5264895,192.168.0.158,1241,78,Port_Scan
1730896894.25073,192.168.0.209,1252,70,Port_Scan
1730896903.5409331,192.168.0.148,1141,43,DDOS
1730896904.2639353,192.168.0.67,596,33,Normal
1730896913.5544176,192.168.0.43,1328,80,Port_Scan
1730896914.271397,192.168.0.188,754,65,DDOS
1730896923.5560722,192.168.0.124,1149,96,Port_Scan
1730896924.285079,192.168.0.35,521,7,Normal
1730896933.5595748,192.168.0.69,918,53,Port_Scan
1730896934.2976007,192.168.0.90,1027,14,Port_Scan
1730896943.5676298,192.168.0.102,1259,58,Port_Scan
1730896944.307519,192.168.0.122,538,16,Normal
1730896953.5824242,192.168.0.117,664,49,Port_Scan
1730896954.3146775,192.168.0.140,1487,17,Normal
1730896963.5987532,192.168.0.249,556,34,Normal
1730896964.32566,192.168.0.28,777,29,DDOS
1730896973.6152987,192.168.0.77,686,24,Normal
1730896974.3356655,192.168.0.179,1226,63,Port_Scan
1730896983.628693,192.168.0.9,1188,86,Port_Scan
1730896984.3512802,192.168.0.238,910,62,Normal
1730896993.6380033,192.168.0.34,765,2,Port_Scan
1730896994.3574915,192.168.0.120,1248,56,DDOS
1730897003.6540058,192.168.0.99,1185,63,Normal
1730897004.3736134,192.168.0.38,1256,35,Port_Scan
1730897013.6618764,192.168.0.16,1395,45,DDOS
1730897014.387861,192.168.0.133,959,69,Normal
1730897023.6648207,192.168.0.196,1339,50,Normal
1730897024.3919291,192.168.0.40,732,2,Port_Scan
1730897033.6888926,192.168.0.15,1192,68,DDOS
1730897034.4088924,192.168.0.226,1170,33,DDOS
1730897043.6926317,192.168.0.194,1095,63,Port_Scan
1730897044.4158616,192.168.0.94,898,9,Normal
1730897053.704759,192.168.0.195,965,37,Port_Scan
1730897054.4327695,192.168.0.64,1138,98,DDOS
1730897063.712214,192.168.0.63,1293,27,Normal
1730897064.4393773,192.168.0.140,989,11,Port_Scan
1730897073.7163444,192.168.0.135,635,17,DDOS
1730897074.45339,192.168.0.176,1080,42,Port_Scan
1730897083.7207696,192.168.0.121,1008,8,Normal
1730897084.464939,192.168.0.63,1196,87,DDOS
1730897093.7290897,192.168.0.254,1042,16,Port_Scan
1730897094.4706385,192.168.0.214,1241,6,Port_Scan
1730897103.745632,192.168.0.218,807,47,DDOS
1730897104.4846797,192.168.0.8,1021,72,Port_Scan
1730897113.7618861,192.168.0.173,1098,8,Normal
1730897114.5012667,192.168.0.162,1182,18,DDOS
1730897123.763636,192.168.0.97,1120,3,DDOS
1730897124.5030406,192.168.0.79,1152,64,Normal
1730897133.774893,192.168.0.157,1215,52,Port_Scan
1730897134.5142424,192.168.0.52,1337,26,Port_Scan
1730897143.790819,192.168.0.154,689,86,Port_Scan
1730897144.5308182,192.168.0.198,1068,69,Normal
1730897153.793098,192.168.0.147,1097,69,Normal
1730897154.5431676,192.168.0.93,651,71,Normal
1730897163.795877,192.168.0.20,615,51,Port_Scan
1730897164.555081,192.168.0.67,1282,66,DDOS
1730897173.8099716,192.168.0.124,1450,60,Port_Scan
1730897174.5688686,192.168.0.161,1049,81,Port_Scan
1730897183.811904,192.168.0.93,1401,83,Normal
1730897184.583966,192.168.0.36,1344,20,Normal
1730897193.81829,192.168.0.96,1010,14,Port_Scan
1730897194.591123,192.168.0.42,1005,81,DDOS
1730897203.8330836,192.168.0.246,876,8,Port_Scan
1730897204.5990615,192.168.0.44,1305,74,DDOS
1730897213.847096,192.168.0.229,651,98,DDOS
1730897214.6037793,192.168.0.195,500,56,Normal
1730897223.8598773,192.168.0.187,976,35,DDOS
1730897224.6139362,192.168.0.121,1258,52,Normal
1730897233.8693073,192.168.0.105,1038,39,Normal
1730897234.6241064,192.168.0.218,735,71,Normal
1730897243.8835037,192.168.0.84,770,46,Port_Scan
1730897244.6415093,192.168.0.51,1473,51,Port_Scan
1730897253.9000754,192.168.0.27,1290,81,Port_Scan
1730897254.6533275,192.168.0.97,1217,15,Port_Scan
1730897263.9072528,192.168.0.164,972,5,DDOS
1730897264.6551516,192.168.0.187,1139,44,Normal
1730897273.916512,192.168.0.111,1291,67,DDOS
1730897274.659133,192.168.0.104,1097,20,Port_Scan
1730897283.9277706,192.168.0.99,973,14,Port_Scan
1730897284.6702967,192.168.0.202,1274,73,DDOS
1730897293.932241,192.168.0.108,1368,8,Port_Scan
1730897294.6749556,192.168.0.95,1299,65,DDOS
1730897303.9525816,192.168.0.248,769,1,Port_Scan
1730897304.6886098,192.168.0.15,904,31,DDOS
1730897313.963409,192.168.0.176,1127,26,Normal
1730897314.7035372,192.168.0.239,681,42,Port_Scan
1730897323.9773204,192.168.0.105,851,1,Port_Scan
1730897324.711981,192.168.0.205,781,82,Port_Scan
1730897333.9927382,192.168.0.161,1152,63,Normal
1730897334.7193153,192.168.0.205,555,2,Port_Scan
1730897344.0068853,192.168.0.160,708,45,DDOS
1730897344.728391,192.168.0.215,984,55,Port_Scan
1730897354.0130265,192.168.0.248,875,69,Normal
1730897354.7369545,192.168.0.35,769,25,Normal
1730897364.0254288,192.168.0.38,871,99,Port_Scan
1730897364.7505088,192.168.0.175,692,48,Port_Scan
1730897374.03059,192.168.0.21,781,78,Normal
1730897374.7526827,192.168.0.82,1410,66,DDOS
1730897384.0439026,192.168.0.57,1455,39,Normal
1730897384.7671838,192.168.0.235,782,96,Normal
1730897394.0515895,192.168.0.153,759,81,Normal
1730897394.7719262,192.168.0.98,1187,72,DDOS
1730897404.0638983,192.168.0.210,583,52,DDOS
1730897404.7847998,192.168.0.203,1462,51,DDOS
1730897414.0755868,192.168.0.80,606,34,Port_Scan
1730897414.7982645,192.168.0.157,1191,16,DDOS
1730897424.0814836,192.168.0.143,1168,16,DDOS
1730897424.8066435,192.168.0.60,1375,87,Normal
1730897434.0937407,192.168.0.217,1171,93,DDOS
1730897434.81202,192.168.0.147,947,32,Port_Scan
1730897444.1098018,192.168.0.195,833,64,Normal
1730897444.8195176,192.168.0.138,1059,44,Normal
1730897454.1169233,192.168.0.160,1329,34,DDOS
1730897454.835925,192.168.0.182,667,30,DDOS
1730897464.12221,192.168.0.205,1411,38,DDOS
1730897464.8501348,192.168.0.97,705,43,Port_Scan
1730897474.129837,192.168.0.55,805,54,Port_Scan
1730897474.8670666,192.168.0.3,758,40,Port_Scan
1730897484.1350696,192.168.0.243,867,61,Port_Scan
1730897484.881256,192.168.0.162,759,30,Port_Scan
1730897494.1512299,192.168.0.228,881,90,DDOS
1730897494.8962147,192.168.0.146,558,43,Normal
1730897504.1573822,192.168.0.58,1481,30,DDOS
1730897504.9000566,192.168.0.17,642,48,Normal
1730897514.1642027,192.168.0.141,610,25,DDOS
1730897514.9070876,192.168.0.205,1110,53,DDOS
1730897524.167105,192.168.0.241,942,71,DDOS
1730897524.921258,192.168.0.20,1304,67,Port_Scan
1730897534.1821609,192.168.0.99,1268,15,Normal
1730897534.9313374,192.168.0.171,1356,29,Port_Scan
1730897544.1985102,192.168.0.80,1479,90,Normal
1730897544.943378,192.168.0.9,665,4,DDOS
1730897554.2104886,192.168.0.200,530,41,Normal
1730897554.9483235,192.168.0.32,1372,78,DDOS
1730897564.218319,192.168.0.205,646,61,Normal
1730897564.9624152,192.168.0.35,521,8,Normal
1730897574.2296112,192.168.0.232,640,76,Normal
1730897574.9705331,192.168.0.208,979,55,Normal
1730897584.236541,192.168.0.66,1314,77,Port_Scan
1730897584.9724903,192.168.0.125,553,65,DDOS
1730897594.247461,192.168.0.133,1340,79,DDOS
1730897594.986464,192.168.0.98,1445,66,DDOS
1730897604.2585878,192.168.0.126,722,56,Port_Scan
1730897604.991693,192.168.0.217,719,77,DDOS
1730897614.272493,192.168.0.110,1283,15,Normal
1730897614.9997702,192.168.0.229,861,25,Port_Scan
1730897624.2805967,192.168.0.141,744,5,Normal
1730897625.0159655,192.168.0.176,1464,91,Normal
1730897634.2827733,192.168.0.163,1421,41,Port_Scan
1730897635.0324988,192.168.0.69,780,62,Port_Scan
1730897644.296676,192.168.0.141,1478,90,DDOS
1730897645.0488827,192.168.0.88,786,52,DDOS
1730897654.311534,192.168.0.181,1396,57,Normal
1730897655.0527623,192.168.0.132,1038,83,Port_Scan
1730897664.3254862,192.168.0.1,878,40,Normal
1730897665.0566761,192.168.0.61,1329,52,DDOS
1730897674.336655,192.168.0.119,906,86,Normal
1730897675.0616372,192.168.0.84,984,12,Normal
1730897684.3427417,192.168.0.150,590,43,Port_Scan
1730897685.0688968,192.168.0.85,1015,81,Normal
1730897694.356777,192.168.0.99,808,96,DDOS
1730897695.0710433,192.168.0.21,1364,97,Port_Scan
1730897704.3617747,192.168.0.142,1078,31,DDOS
1730897705.0864868,192.168.0.176,1025,83,Port_Scan
1730897714.366671,192.168.0.28,1037,48,Normal
1730897715.092865,192.168.0.142,838,38,Normal
1730897724.3721187,192.168.0.209,796,98,Port_Scan
1730897725.0994384,192.168.0.10,1273,37,DDOS
1730897734.3867543,192.168.0.236,508,54,Normal
1730897735.1040294,192.168.0.103,1069,11,DDOS
1730897744.393852,192.168.0.69,734,54,Port_Scan
1730897745.1067955,192.168.0.29,1025,93,Port_Scan
1730897754.4024327,192.168.0.233,1202,11,Normal
1730897755.1202445,192.168.0.192,1243,60,DDOS
1730897764.416179,192.168.0.79,963,65,DDOS
1730897765.1356254,192.168.0.44,773,49,Port_Scan
1730897774.4235592,192.168.0.141,1280,54,Port_Scan
1730897775.1471584,192.168.0.230,923,11,DDOS
1730897784.4300125,192.168.0.64,1426,69,Port_Scan
1730897785.1516893,192.168.0.51,680,39,Port_Scan
1730897794.4449935,192.168.0.231,1089,66,Port_Scan
1730897795.1606023,192.168.0.113,1124,70,Port_Scan
1730897804.452012,192.168.0.183,523,56,Port_Scan
1730897805.1770196,192.168.0.212,1101,58,Port_Scan
1730897814.4613934,192.168.0.206,937,4,Port_Scan
1730897815.1882503,192.168.0.201,1453,32,Port_Scan
1730897824.472033,192.168.0.137,1310,95,Normal
1730897825.2012985,192.168.0.151,1474,29,DDOS
1730897834.4844563,192.168.0.137,920,13,Port_Scan
1730897835.2030668,192.168.0.3,919,91,Normal
1730897844.4991808,192.168.0.248,1262,8,Normal
1730897845.2082202,192.168.0.233,1406,40,Port_Scan
1730897854.5164492,192.168.0.97,524,84,Port_Scan
1730897855.2222116,192.168.0.119,1285,24,Normal
1730897864.528365,192.168.0.99,1131,46,DDOS
1730897865.2392142,192.168.0.34,671,90,Normal
1730897874.5348928,192.168.0.16,1280,19,DDOS
1730897875.2501276,192.168.0.32,854,11,Port_Scan
1730897884.5463686,192.168.0.131,538,75,Normal
1730897885.2603679,192.168.0.169,1326,33,Port_Scan
1730897894.5607817,192.168.0.162,1059,55,Normal
1730897895.2713661,192.168.0.6,929,94,Port_Scan
1730897904.5687544,192.168.0.106,806,66,Normal
1730897905.2781653,192.168.0.20,992,79,DDOS
1730897914.5783026,192.168.0.126,1405,52,Port_Scan
1730897915.2796187,192.168.0.119,1404,40,DDOS
1730897924.585181,192.168.0.235,899,48,DDOS
1730897925.2962496,192.168.0.208,716,3,Port_Scan
1730897934.5941129,192.168.0.220,778,53,Port_Scan
1730897935.3052025,192.168.0.220,1445,62,Normal
1730897944.6043103,192.168.0.6,673,43,Normal
1730897945.3122184,192.168.0.51,1427,8,Port_Scan
1730897954.6066978,192.168.0.201,1276,85,Normal
1730897955.3288722,192.168.0.138,631,19,DDOS
1730897964.6208732,192.168.0.45,1227,21,Port_Scan
1730897965.331867,192.168.0.84,1441,1,Normal
1730897974.6227603,192.168.0.224,1381,82,DDOS
1730897975.3361764,192.168.0.136,758,88,DDOS
1730897984.6311967,192.168.0.171,630,99,DDOS
1730897985.3446498,192.168.0.32,1080,46,Normal
1730897994.6435359,192.168.0.201,1252,12,Normal
1730897995.3563986,192.168.0.164,567,95,DDOS
1730898004.645929,192.168.0.193,574,80,DDOS
1730898005.373133,192.168.0.215,1096,46,Normal
1730898014.6508248,192.168.0.89,924,23,Normal
1730898015.386507,192.168.0.125,1264,41,DDOS
1730898024.6671379,192.168.0.56,539,87,Port_Scan
1730898025.3951242,192.168.0.244,995,62,Port_Scan
1730898034.6834912,192.168.0.3,1014,31,Normal
1730898035.4096498,192.168.0.82,887,26,Port_Scan
1730898044.694902,192.168.0.204,1069,11,Port_Scan
1730898045.4228575,192.168.0.45,696,61,Port_Scan
1730898054.705156,192.168.0.98,517,61,Normal
1730898055.4299653,192.168.0.39,1451,14,Port_Scan
1730898064.7230043,192.168.0.54,1408,51,DDOS
1730898065.4437256,192.168.0.16,1132,21,Port_Scan
1730898074.7246523,192.168.0.58,1157,53,Normal
1730898075.4506397,192.168.0.69,653,59,DDOS
1730898084.7312484,192.168.0.83,870,5,DDOS
1730898085.4562457,192.168.0.63,656,38,DDOS
1730898094.734503,192.168.0.3,613,58,Port_Scan
1730898095.4636834,192.168.0.188,682,39,Port_Scan
1730898104.7401047,192.168.0.82,779,59,Port_Scan
1730898105.4684944,192.168.0.223,515,47,DDOS
1730898114.7478678,192.168.0.213,673,3,Port_Scan
1730898115.477394,192.168.0.254,924,84,Normal
1730898124.750815,192.168.0.39,1417,66,Normal
1730898125.4938579,192.168.0.249,694,3,Normal
1730898134.7564898,192.168.0.163,901,31,Normal
1730898135.5024314,192.168.0.11,641,41,DDOS
1730898144.7713983,192.168.0.73,1439,69,Normal
1730898145.508239,192.168.0.65,913,98,Port_Scan
1730898154.7868996,192.168.0.102,1490,15,Normal
1730898155.516514,192.168.0.241,1112,82,DDOS
1730898164.8015685,192.168.0.103,608,8,Normal
1730898165.5197816,192.168.0.64,906,99,Port_Scan
1730898174.816544,192.168.0.54,771,68,DDOS
1730898175.531812,192.168.0.185,1192,26,Port_Scan
1730898184.824437,192.168.0.184,1050,87,DDOS
1730898185.537227,192.168.0.223,1292,67,Normal
1730898194.840258,192.168.0.40,568,86,Normal
1730898195.5524895,192.168.0.39,971,65,Port_Scan
1730898204.849879,192.168.0.192,1126,57,Port_Scan
1730898205.561867,192.168.0.94,504,17,Port_Scan
1730898214.856215,192.168.0.212,844,94,DDOS
1730898215.5679767,192.168.0.179,839,23,DDOS
1730898224.8684204,192.168.0.190,1324,61,Port_Scan
1730898225.5776486,192.168.0.88,1265,9,Normal
1730898234.8699813,192.168.0.75,695,63,Port_Scan
1730898235.578971,192.168.0.73,1321,20,DDOS
1730898244.8725023,192.168.0.28,1152,3,DDOS
1730898245.5846517,192.168.0.66,1060,47,Normal
1730898254.8742104,192.168.0.199,1174,60,Port_Scan
1730898255.5972302,192.168.0.40,522,81,Port_Scan
1730898264.884164,192.168.0.146,727,35,Normal
1730898265.6111646,192.168.0.232,1007,33,DDOS
1730898274.8905866,192.168.0.197,795,43,Normal
1730898275.6222136,192.168.0.241,912,50,Port_Scan
1730898284.9067223,192.168.0.124,615,24,DDOS
1730898285.633745,192.168.0.86,673,52,Normal
1730898294.9122548,192.168.0.253,1147,86,Normal
1730898295.6389823,192.168.0.165,1423,4,Port_Scan
1730898304.9153929,192.168.0.10,755,53,DDOS
1730898305.64048,192.168.0.126,977,48,Normal
1730898314.9233577,192.168.0.157,789,37,Port_Scan
1730898315.6460788,192.168.0.3,1312,18,Port_Scan
1730898324.9314482,192.168.0.147,1070,80,DDOS
1730898325.6556172,192.168.0.6,769,70,Normal
1730898334.9452744,192.168.0.220,1432,23,Port_Scan
1730898335.663954,192.168.0.53,1379,68,DDOS
1730898344.9478679,192.168.0.230,751,48,Normal
1730898345.6748679,192.168.0.110,502,17,Normal
1730898354.961923,192.168.0.79,566,82,DDOS
1730898355.68565,192.168.0.71,1022,33,Normal
1730898364.976629,192.168.0.17,1062,98,Port_Scan
1730898365.6878986,192.168.0.140,1093,62,DDOS
1730898374.9866698,192.168.0.49,751,56,Normal
1730898375.698948,192.168.0.117,851,50,Normal
1730898384.9914103,192.168.0.186,1352,60,DDOS
1730898385.7015052,192.168.0.59,1306,17,Port_Scan
1730898395.0054078,192.168.0.135,1405,69,DDOS
1730898395.7164092,192.168.0.3,557,59,DDOS
1730898405.0169578,192.168.0.111,1390,32,DDOS
1730898405.7288575,192.168.0.9,940,13,Normal
1730898415.0249026,192.168.0.2,1090,47,Port_Scan
1730898415.7355876,192.168.0.123,795,67,Normal
1730898425.0385845,192.168.0.134,779,2,DDOS
1730898425.7522633,192.168.0.2,673,58,Port_Scan
1730898435.0529108,192.168.0.159,795,41,DDOS
1730898435.7626047,192.168.0.86,869,80,Port_Scan
1730898445.0611787,192.168.0.250,1211,2,DDOS
1730898445.7703805,192.168.0.135,1410,70,Normal
1730898455.0679357,192.168.0.181,1264,22,DDOS
1730898455.7729938,192.168.0.117,806,81,Normal
1730898465.0714598,192.168.0.225,1102,28,Normal
1730898465.776645,192.168.0.175,1159,64,DDOS
1730898475.0873039,192.168.0.158,1419,38,DDOS
1730898475.7945073,192.168.0.29,600,90,Port_Scan
1730898485.0898461,192.168.0.47,1304,75,Normal
1730898485.808737,192.168.0.67,1174,95,DDOS
1730898495.09334,192.168.0.71,1434,77,Port_Scan
1730898495.81418,192.168.0.237,1319,8,DDOS
1730898505.1096952,192.168.0.55,888,79,Port_Scan
1730898505.8179593,192.168.0.241,779,77,DDOS
1730898515.1154394,192.168.0.164,1151,70,DDOS
1730898515.8237226,192.168.0.83,724,1,DDOS
1730898525.1217763,192.168.0.211,1072,62,DDOS
1730898525.8362653,192.168.0.95,1411,1,Normal
1730898535.1233566,192.168.0.47,1147,28,DDOS
1730898535.8462446,192.168.0.225,867,79,Normal
1730898545.1330354,192.168.0.197,941,87,Port_Scan
1730898545.8510213,192.168.0.179,1353,14,Port_Scan
1730898555.1809938,192.168.0.249,1299,50,Normal
1730898555.858457,192.168.0.35,902,17,DDOS
1730898565.1837645,192.168.0.249,676,16,DDOS
1730898565.8649516,192.168.0.201,961,92,Normal
1730898575.192333,192.168.0.8,1159,86,Port_Scan
1730898575.8697734,192.168.0.229,633,80,DDOS
1730898585.2027833,192.168.0.85,716,84,Normal
1730898585.8832448,192.168.0.134,507,97,Port_Scan
1730898595.2069604,192.168.0.70,1369,33,Port_Scan
1730898595.8948178,192.168.0.154,1375,5,Port_Scan
1730898605.208801,192.168.0.145,594,69,DDOS
1730898605.9084868,192.168.0.189,611,64,Port_Scan
1730898615.2249467,192.168.0.210,1305,82,Port_Scan
1730898615.9212158,192.168.0.225,566,50,Normal
1730898625.232816,192.168.0.113,731,12,DDOS
1730898625.928229,192.168.0.162,874,44,Port_Scan
1730898635.2372293,192.168.0.191,1218,47,Normal
1730898635.9315422,192.168.0.135,999,14,Normal
1730898645.2453847,192.168.0.88,996,68,Normal
1730898645.941605,192.168.0.155,1002,81,Port_Scan
1730898655.2590253,192.168.0.229,1199,38,DDOS
1730898655.9582434,192.168.0.71,1270,85,Port_Scan
1730898665.2679532,192.168.0.67,1358,67,Normal
1730898665.9609783,192.168.0.143,918,59,Normal
1730898675.2808113,192.168.0.63,1267,38,Port_Scan
1730898675.9755657,192.168.0.24,1237,87,Port_Scan
1730898685.2821767,192.168.0.66,1420,64,Port_Scan
1730898685.9916801,192.168.0.138,1111,63,Port_Scan
1730898695.2969959,192.168.0.240,1239,87,Port_Scan
1730898696.007199,192.168.0.126,1018,25,Port_Scan
1730898705.3015532,192.168.0.16,1397,52,DDOS
1730898706.0131118,192.168.0.98,704,87,Normal
1730898715.3165727,192.168.0.69,1411,75,Port_Scan
1730898716.0236146,192.168.0.21,736,88,DDOS
1730898725.327973,192.168.0.252,1118,20,Port_Scan
1730898726.0259724,192.168.0.6,1220,48,Normal
1730898735.336794,192.168.0.77,1334,5,DDOS
1730898736.0323758,192.168.0.28,1490,67,DDOS
1730898745.3467667,192.168.0.176,989,60,Port_Scan
1730898746.044252,192.168.0.228,1141,36,Port_Scan
1730898755.3606167,192.168.0.112,831,29,Port_Scan
1730898756.0611193,192.168.0.183,1144,12,Normal
1730898765.3700154,192.168.0.149,654,97,DDOS
1730898766.0680885,192.168.0.78,628,91,Normal
1730898775.3782709,192.168.0.247,1098,7,Port_Scan
1730898776.0702715,192.168.0.147,633,99,DDOS
1730898785.383716,192.168.0.42,971,44,Normal
1730898786.0821505,192.168.0.89,1414,38,DDOS
1730898795.3912787,192.168.0.100,1086,48,DDOS
1730898796.0864098,192.168.0.118,650,87,Port_Scan
1730898805.4040139,192.168.0.242,1326,51,Port_Scan
1730898806.1002688,192.168.0.172,1230,64,Normal
1730898815.4117382,192.168.0.180,959,96,Port_Scan
1730898816.1070096,192.168.0.90,701,2,DDOS
1730898825.4214983,192.168.0.29,1263,52,DDOS
1730898826.1124864,192.168.0.64,590,92,Normal
1730898835.4338036,192.168.0.134,1077,44,DDOS
1730898836.1234887,192.168.0.99,1152,33,DDOS
1730898845.4502435,192.168.0.183,1338,11,Normal
1730898846.1266592,192.168.0.38,959,79,DDOS
1730898855.4629617,192.168.0.24,525,78,Normal
1730898856.1406295,192.168.0.245,1045,72,DDOS
1730898865.4771173,192.168.0.33,870,81,Normal
1730898866.141905,192.168.0.100,661,68,DDOS
1730898875.4933581,192.168.0.247,1302,72,DDOS
1730898876.1550412,192.168.0.180,1256,61,Port_Scan
1730898885.4950035,192.168.0.213,863,81,DDOS
1730898886.1715734,192.168.0.140,595,48,Port_Scan
1730898895.505781,192.168.0.89,1249,87,Normal
1730898896.1774142,192.168.0.39,1143,85,DDOS
1730898905.5079331,192.168.0.224,810,25,Port_Scan
1730898906.1866827,192.168.0.64,1112,84,DDOS
1730898915.5103552,192.168.0.113,1205,20,Normal
1730898916.1970224,192.168.0.159,963,53,DDOS
1730898925.5202434,192.168.0.75,1218,88,Normal
1730898926.2132008,192.168.0.67,712,28,DDOS
1730898935.5366173,192.168.0.243,983,96,Normal
1730898936.2154186,192.168.0.131,915,92,Port_Scan
1730898945.5412657,192.168.0.248,930,82,DDOS
1730898946.220917,192.168.0.153,1309,43,Port_Scan
1730898955.5562556,192.168.0.246,1479,75,Port_Scan
1730898956.2321355,192.168.0.156,1334,7,Normal
1730898965.5610864,192.168.0.19,1023,58,Normal
1730898966.2410848,192.168.0.243,579,62,Normal
1730898975.5647175,192.168.0.254,543,2,Normal
1730898976.2528226,192.168.0.29,636,4,Normal
1730898985.5690935,192.168.0.222,1324,86,Normal
1730898986.2635853,192.168.0.150,1224,94,Normal
1730898995.5791059,192.168.0.145,1250,82,DDOS
1730898996.2724469,192.168.0.114,501,49,DDOS
1730899005.5863423,192.168.0.234,1121,35,Port_Scan
1730899006.27811,192.168.0.102,1273,74,DDOS
1730899015.588982,192.168.0.214,999,5,Port_Scan
1730899016.2823665,192.168.0.197,1376,12,Port_Scan
1730899025.5920994,192.168.0.32,894,70,Port_Scan
1730899026.2881122,192.168.0.121,939,73,Port_Scan
1730899035.6004467,192.168.0.103,1059,59,Normal
1730899036.2993245,192.168.0.242,1306,20,Port_Scan
1730899045.610404,192.168.0.80,1265,55,DDOS
1730899046.3116884,192.168.0.77,1123,2,DDOS
1730899055.6138387,192.168.0.237,1306,94,Normal
1730899056.325312,192.168.0.153,672,14,DDOS
1730899065.630382,192.168.0.147,1228,35,DDOS
1730899066.3367262,192.168.0.185,1294,65,Port_Scan
1730899075.6425803,192.168.0.33,602,6,Port_Scan
1730899076.3530345,192.168.0.56,681,84,Normal
1730899085.6561306,192.168.0.48,1331,32,Port_Scan
1730899086.368324,192.168.0.114,660,24,Port_Scan
1730899095.661696,192.168.0.248,811,31,DDOS
1730899096.370076,192.168.0.246,1399,3,Normal
1730899105.6680522,192.168.0.55,864,87,Normal
1730899106.380089,192.168.0.181,1324,38,Normal
1730899115.680114,192.168.0.118,633,8,Normal
1730899116.391889,192.168.0.18,1296,94,DDOS
1730899125.69125,192.168.0.207,1178,93,Port_Scan
1730899126.4031315,192.168.0.27,1180,9,DDOS
1730899135.6939373,192.168.0.179,1218,86,DDOS
1730899136.4052825,192.168.0.228,1202,10,Port_Scan
1730899145.7004597,192.168.0.103,1483,10,Normal
1730899146.412312,192.168.0.118,645,86,Normal
1730899155.7042787,192.168.0.146,1062,19,DDOS
1730899156.4271739,192.168.0.14,1063,67,DDOS
1730899165.7063606,192.168.0.201,1240,13,Normal
1730899166.4350476,192.168.0.21,602,52,DDOS
1730899175.7130642,192.168.0.71,737,69,Normal
1730899176.4484386,192.168.0.210,799,90,Port_Scan
1730899185.7171478,192.168.0.81,1428,90,Normal
1730899186.4623086,192.168.0.153,507,47,Port_Scan
1730899195.7194364,192.168.0.13,517,51,DDOS
1730899196.4779944,192.168.0.111,1470,8,Port_Scan
1730899205.7522151,192.168.0.28,1162,22,DDOS
1730899206.4914007,192.168.0.11,1399,24,DDOS
1730899215.7790003,192.168.0.130,654,67,DDOS
1730899216.4999697,192.168.0.144,1290,17,Port_Scan
1730899225.7866037,192.168.0.36,1282,85,DDOS
1730899226.518405,192.168.0.214,1425,21,DDOS
1730899235.7984338,192.168.0.196,1136,65,Port_Scan
1730899236.5235972,192.168.0.1,811,34,Port_Scan
1730899245.8046806,192.168.0.89,729,75,DDOS
1730899246.5303774,192.168.0.14,1484,23,Port_Scan
1730899255.8112519,192.168.0.12,899,66,DDOS
1730899256.542238,192.168.0.104,618,17,Port_Scan
1730899265.8193111,192.168.0.20,1265,8,Port_Scan
1730899266.5583134,192.168.0.75,1387,15,Port_Scan
1730899275.83273,192.168.0.48,1318,78,Port_Scan
1730899276.5742161,192.168.0.132,723,34,Normal
1730899285.8494067,192.168.0.67,622,48,DDOS
1730899286.5896397,192.168.0.67,920,61,Normal
1730899295.8622491,192.168.0.225,1493,17,Port_Scan
1730899296.5974839,192.168.0.3,1002,2,Port_Scan
1730899305.8805878,192.168.0.182,632,77,DDOS
1730899306.606404,192.168.0.12,728,83,Normal
1730899315.8923607,192.168.0.198,1454,42,DDOS
1730899316.6175277,192.168.0.57,708,26,Port_Scan
1730899325.9029472,192.168.0.160,619,10,DDOS
1730899326.627674,192.168.0.72,768,79,Normal
1730899335.9065766,192.168.0.86,590,3,DDOS
1730899336.6324997,192.168.0.244,981,75,Normal
1730899345.9187992,192.168.0.100,691,55,Port_Scan
1730899346.635671,192.168.0.57,1382,19,Port_Scan
1730899355.923767,192.168.0.38,865,91,Normal
1730899356.6502995,192.168.0.13,1174,61,Port_Scan
1730899365.926711,192.168.0.132,1218,14,DDOS
1730899366.65171,192.168.0.179,644,62,DDOS
1730899375.9389365,192.168.0.133,589,87,Normal
1730899376.6589282,192.168.0.5,1158,60,Normal
1730899385.951704,192.168.0.31,921,3,Port_Scan
1730899386.671681,192.168.0.130,1230,99,Normal
1730899395.9619114,192.168.0.244,1321,41,DDOS
1730899396.673724,192.168.0.166,634,9,Normal
1730899405.9677918,192.168.0.148,1183,63,Normal
1730899406.6780317,192.168.0.108,652,32,DDOS
1730899415.9787507,192.168.0.253,1273,67,Normal
1730899416.6907942,192.168.0.185,1312,68,DDOS
1730899425.9937868,192.168.0.106,822,78,Port_Scan
1730899426.700808,192.168.0.127,1434,74,DDOS
1730899435.9985926,192.168.0.21,818,16,Port_Scan
1730899436.7095525,192.168.0.220,1053,56,Port_Scan
1730899446.0089,192.168.0.17,681,84,Normal
1730899446.7165208,192.168.0.18,1169,24,Port_Scan
1730899456.0134633,192.168.0.71,1423,73,Normal
1730899456.732356,192.168.0.167,1121,41,Port_Scan
1730899466.0174289,192.168.0.182,616,65,Normal
1730899466.7393763,192.168.0.180,1416,87,Port_Scan
1730899476.0286622,192.168.0.183,1460,17,Port_Scan
1730899476.7506058,192.168.0.88,596,19,Normal
1730899486.0376663,192.168.0.51,543,2,Normal
1730899486.7537365,192.168.0.230,1391,56,DDOS
1730899496.0433278,192.168.0.14,1313,32,Port_Scan
1730899496.758761,192.168.0.180,1123,10,Normal
1730899506.0583699,192.168.0.152,812,16,Port_Scan
1730899506.7621117,192.168.0.94,1264,12,Normal
1730899516.074692,192.168.0.14,915,86,Port_Scan
1730899516.772335,192.168.0.119,905,17,Port_Scan
1730899526.0886216,192.168.0.171,1083,88,Normal
1730899526.7795632,192.168.0.169,1082,41,DDOS
1730899536.0926876,192.168.0.133,934,19,DDOS
1730899536.7856228,192.168.0.110,1158,1,DDOS
1730899546.1025326,192.168.0.54,1138,41,Normal
1730899546.7963428,192.168.0.24,873,43,DDOS
1730899556.115802,192.168.0.184,1460,78,Port_Scan
1730899556.8067675,192.168.0.111,1414,64,DDOS
1730899566.1198957,192.168.0.82,655,48,Normal
1730899566.8120046,192.168.0.58,681,42,DDOS
1730899576.13405,192.168.0.27,908,12,Normal
1730899576.8282824,192.168.0.130,723,55,Port_Scan
1730899586.1488726,192.168.0.91,1233,41,DDOS
1730899586.8378196,192.168.0.203,1205,96,DDOS
1730899596.1644375,192.168.0.111,1289,1,Normal
1730899596.8526177,192.168.0.95,1406,74,Port_Scan
1730899606.180568,192.168.0.72,1143,11,DDOS
1730899606.8621154,192.168.0.172,1192,37,Port_Scan
1730899616.1859567,192.168.0.109,816,36,Port_Scan
1730899616.8782146,192.168.0.98,975,31,DDOS
1730899626.19326,192.168.0.236,873,75,Normal
1730899626.8864782,192.168.0.142,1055,11,Normal
1730899636.1976354,192.168.0.103,830,39,DDOS
1730899636.8888233,192.168.0.121,1019,53,Normal
1730899646.2113473,192.168.0.36,1092,2,Port_Scan
1730899646.905246,192.168.0.44,1357,34,Port_Scan
1730899656.2211123,192.168.0.215,1045,90,Normal
1730899656.91253,192.168.0.248,712,72,DDOS
1730899666.2383575,192.168.0.1,1033,74,DDOS
1730899666.9155881,192.168.0.112,854,16,Normal
1730899676.2407844,192.168.0.107,1076,21,Port_Scan
1730899676.9303763,192.168.0.220,1085,16,Normal
1730899686.250718,192.168.0.174,1002,8,Normal
1730899686.9435766,192.168.0.118,1407,98,Normal
1730899696.2623527,192.168.0.118,668,77,Port_Scan
1730899696.951682,192.168.0.24,1102,29,Port_Scan
1730899706.2726812,192.168.0.168,545,60,DDOS
1730899706.9616914,192.168.0.188,953,4,DDOS
1730899716.2859154,192.168.0.138,961,25,DDOS
1730899716.977623,192.168.0.246,1265,41,DDOS
1730899726.3018568,192.168.0.194,565,80,DDOS
1730899726.979847,192.168.0.24,710,22,Port_Scan
1730899736.3176067,192.168.0.15,1116,64,Port_Scan
1730899736.982897,192.168.0.37,706,21,Normal
1730899746.3208642,192.168.0.36,631,83,DDOS
1730899746.986737,192.168.0.112,758,38,Port_Scan
1730899756.3359082,192.168.0.169,1206,12,Port_Scan
1730899756.9887855,192.168.0.232,1091,98,Port_Scan
1730899766.348709,192.168.0.140,675,89,Normal
1730899767.0048676,192.168.0.8,1143,2,DDOS
1730899776.3614678,192.168.0.110,893,90,Port_Scan
1730899777.0094693,192.168.0.154,1294,58,Normal
1730899786.3746235,192.168.0.61,861,16,Normal
1730899787.022555,192.168.0.105,1238,96,Normal
1730899796.401869,192.168.0.233,1251,53,Normal
1730899797.030337,192.168.0.71,1210,66,Port_Scan
1730899806.415287,192.168.0.216,1238,43,DDOS
1730899807.0472872,192.168.0.241,1387,65,Port_Scan
1730899816.4217138,192.168.0.34,814,50,DDOS
1730899817.0511808,192.168.0.83,980,8,Normal
1730899826.4365427,192.168.0.142,948,79,DDOS
1730899827.0674806,192.168.0.81,1425,88,Normal
1730899836.4403415,192.168.0.89,862,43,Normal
1730899837.0829537,192.168.0.129,1095,85,Port_Scan
1730899846.4452097,192.168.0.174,948,73,Port_Scan
1730899847.0938876,192.168.0.5,588,16,DDOS
1730899856.4478216,192.168.0.56,773,23,Normal
1730899857.0962434,192.168.0.29,521,34,Port_Scan
1730899866.4502935,192.168.0.51,1007,72,Port_Scan
1730899867.1113968,192.168.0.106,878,12,Normal
1730899876.4532752,192.168.0.158,1067,29,Port_Scan
1730899877.11769,192.168.0.94,1325,76,Normal
1730899886.4638014,192.168.0.239,1347,68,DDOS
1730899887.1260324,192.168.0.183,1474,95,Port_Scan
1730899896.4748068,192.168.0.245,1105,92,Port_Scan
1730899897.1378055,192.168.0.141,1360,80,Port_Scan
1730899906.4912508,192.168.0.39,955,31,Port_Scan
1730899907.140137,192.168.0.36,541,26,Port_Scan
1730899916.506544,192.168.0.172,543,41,DDOS
1730899917.153999,192.168.0.210,1023,93,Port_Scan
1730899926.5160036,192.168.0.100,856,60,Normal
1730899927.1608229,192.168.0.35,1000,50,Port_Scan
1730899936.5202153,192.168.0.116,636,93,DDOS
1730899937.1721578,192.168.0.58,1330,48,Port_Scan
1730899946.5318112,192.168.0.250,771,14,Normal
1730899947.1887295,192.168.0.208,858,91,DDOS
1730899956.534265,192.168.0.69,1218,87,DDOS
1730899957.2001998,192.168.0.95,827,89,DDOS
1730899966.5472217,192.168.0.27,1005,11,DDOS
1730899967.2119784,192.168.0.22,1460,45,Port_Scan
1730899976.5525377,192.168.0.81,713,19,DDOS
1730899977.2261548,192.168.0.95,1441,5,Port_Scan
1730899986.5628464,192.168.0.104,1089,91,Port_Scan
1730899987.2408688,192.168.0.15,1070,80,DDOS
1730899996.5737815,192.168.0.148,659,22,Normal
1730899997.2518804,192.168.0.20,1215,39,DDOS
1730900006.5830455,192.168.0.28,1199,63,Normal
1730900007.2601151,192.168.0.103,501,80,DDOS
1730900016.5980532,192.168.0.227,1181,32,DDOS
1730900017.2650738,192.168.0.253,958,86,DDOS
1730900026.60324,192.168.0.182,999,82,DDOS
1730900027.2801156,192.168.0.217,1376,89,DDOS
1730900036.608843,192.168.0.169,1139,48,DDOS
1730900037.2860518,192.168.0.4,743,54,Port_Scan
1730900046.6132448,192.168.0.143,1090,70,DDOS
1730900047.2972326,192.168.0.203,1382,53,Port_Scan
1730900056.6223235,192.168.0.28,1399,63,Port_Scan
1730900057.307148,192.168.0.58,646,79,Port_Scan
1730900066.624065,192.168.0.147,1004,50,DDOS
1730900067.3161666,192.168.0.213,1481,35,Port_Scan
1730900076.639212,192.168.0.117,699,85,Port_Scan
1730900077.3205745,192.168.0.160,569,98,DDOS
1730900086.6434271,192.168.0.160,960,57,Normal
1730900087.3271728,192.168.0.6,812,42,Port_Scan
1730900096.657279,192.168.0.168,1490,31,Port_Scan
1730900097.3358178,192.168.0.253,1115,92,Normal
1730900106.6684296,192.168.0.4,1308,37,DDOS
1730900107.3403087,192.168.0.100,1489,53,DDOS
1730900116.6698976,192.168.0.165,591,12,DDOS
1730900117.3484569,192.168.0.71,1401,82,DDOS
1730900126.6774452,192.168.0.193,815,13,DDOS
1730900127.3555198,192.168.0.168,1015,94,Normal
1730900136.6909556,192.168.0.191,947,23,DDOS
1730900137.3634481,192.168.0.102,1133,11,DDOS
1730900146.7066011,192.168.0.41,1267,90,Port_Scan
1730900147.3674834,192.168.0.183,682,23,DDOS
1730900156.7098286,192.168.0.213,944,41,Port_Scan
1730900157.3711302,192.168.0.141,653,91,Normal
1730900166.722338,192.168.0.21,772,27,Normal
1730900167.379685,192.168.0.252,555,25,Port_Scan
1730900176.7308683,192.168.0.7,910,90,Normal
1730900177.3887649,192.168.0.215,1441,80,Normal
1730900186.7450535,192.168.0.139,583,29,Normal
1730900187.405609,192.168.0.2,1262,34,DDOS
1730900196.748105,192.168.0.84,1072,63,DDOS
1730900197.4173462,192.168.0.20,1457,30,Port_Scan
1730900206.7578044,192.168.0.216,1120,69,Port_Scan
1730900207.4207094,192.168.0.74,1442,44,DDOS
1730900216.763177,192.168.0.193,518,9,DDOS
1730900217.422671,192.168.0.96,1473,82,Port_Scan
1730900226.7749555,192.168.0.49,847,44,Normal
1730900227.4248137,192.168.0.215,577,68,Normal
1730900236.7897558,192.168.0.47,825,81,DDOS
1730900237.4352262,192.168.0.144,1010,81,Normal
1730900246.7993157,192.168.0.14,1473,72,DDOS
1730900247.4449623,192.168.0.86,1303,84,Normal
1730900256.8029044,192.168.0.24,877,95,Normal
1730900257.456981,192.168.0.191,620,81,Port_Scan
1730900266.8191853,192.168.0.170,1312,4,Port_Scan
1730900267.4680445,192.168.0.107,689,78,Normal
1730900276.8271463,192.168.0.101,1017,68,Port_Scan
1730900277.484107,192.168.0.138,1268,54,Port_Scan
1730900286.8322492,192.168.0.101,1148,86,Normal
1730900287.4962828,192.168.0.77,750,46,Normal
1730900296.8412871,192.168.0.100,840,3,DDOS
1730900297.5132384,192.168.0.235,599,45,Port_Scan
1730900306.8570576,192.168.0.7,1265,85,Port_Scan
1730900307.5212426,192.168.0.49,670,30,Port_Scan
1730900316.861204,192.168.0.28,956,83,DDOS
1730900317.5324168,192.168.0.165,866,45,DDOS
1730900326.8681545,192.168.0.213,1154,59,Normal
1730900327.5782275,192.168.0.212,811,30,DDOS
1730900336.8815167,192.168.0.215,571,69,DDOS
1730900337.5923371,192.168.0.102,1337,62,DDOS
1730900346.89836,192.168.0.146,924,5,Normal
1730900347.6087162,192.168.0.8,1062,1,Normal
1730900356.9026246,192.168.0.160,714,64,DDOS
1730900357.6163266,192.168.0.123,807,12,DDOS
1730900366.9084208,192.168.0.144,1371,70,DDOS
1730900367.635421,192.168.0.33,1457,28,DDOS
1730900376.911452,192.168.0.246,720,60,DDOS
1730900377.64757,192.168.0.27,1326,70,Normal
1730900386.9203067,192.168.0.19,501,86,DDOS
1730900387.649224,192.168.0.25,1309,57,Port_Scan
1730900396.9257534,192.168.0.96,515,77,Normal
1730900397.65237,192.168.0.137,1087,81,DDOS
1730900406.930558,192.168.0.170,831,43,Port_Scan
1730900407.6546235,192.168.0.13,1385,81,Normal
1730900416.9454653,192.168.0.16,558,85,Normal
1730900417.670674,192.168.0.189,692,30,DDOS
1730900426.9617941,192.168.0.83,512,76,Port_Scan
1730900427.6737444,192.168.0.147,653,33,DDOS
1730900436.9705348,192.168.0.207,727,80,Normal
1730900437.676051,192.168.0.63,1427,16,Port_Scan
1730900446.977955,192.168.0.3,822,66,Port_Scan
1730900447.6895597,192.168.0.23,1025,91,DDOS
1730900456.9807224,192.168.0.159,1200,3,Normal
1730900457.6926482,192.168.0.126,755,21,DDOS
1730900466.9925878,192.168.0.237,1048,85,DDOS
1730900467.6996331,192.168.0.77,1245,54,Normal
1730900476.995916,192.168.0.14,803,20,Normal
1730900477.711504,192.168.0.68,1350,40,DDOS
1730900487.007926,192.168.0.252,756,15,Normal
1730900487.715981,192.168.0.171,1134,61,Normal
1730900497.021053,192.168.0.41,1350,89,Normal
1730900497.7297187,192.168.0.222,1165,10,Normal
1730900507.0379925,192.168.0.116,599,45,Normal
1730900507.7429156,192.168.0.112,1187,61,Normal
1730900517.0490322,192.168.0.46,596,68,Normal
1730900517.7562058,192.168.0.99,1057,82,Port_Scan
1730900527.0561318,192.168.0.234,958,56,DDOS
1730900527.7668474,192.168.0.35,1411,54,Normal
1730900537.0730221,192.168.0.80,1181,46,DDOS
1730900537.769231,192.168.0.56,561,24,DDOS
1730900547.0891967,192.168.0.11,1399,78,DDOS
1730900547.7817836,192.168.0.169,718,67,DDOS
1730900557.097847,192.168.0.138,543,13,Normal
1730900557.788295,192.168.0.46,569,58,Port_Scan
1730900567.1133258,192.168.0.78,1026,76,DDOS
1730900567.8038235,192.168.0.213,833,32,Normal
1730900577.1302044,192.168.0.56,1042,62,Port_Scan
1730900577.8074949,192.168.0.117,929,94,Normal
1730900587.1380656,192.168.0.209,1165,20,Normal
1730900587.8123612,192.168.0.227,1080,22,DDOS
1730900597.1494296,192.168.0.99,840,73,DDOS
1730900597.8223827,192.168.0.187,572,58,Normal
1730900607.1553762,192.168.0.111,627,29,Port_Scan
1730900607.8364196,192.168.0.24,874,70,DDOS
1730900617.1613102,192.168.0.64,566,25,Normal
1730900617.8384361,192.168.0.189,875,27,DDOS
1730900627.1792948,192.168.0.210,1215,11,DDOS
1730900627.843445,192.168.0.180,674,67,Normal
1730900637.186362,192.168.0.237,689,61,Normal
1730900637.8605464,192.168.0.254,764,53,Normal
1730900647.192645,192.168.0.30,1088,94,DDOS
1730900647.8674974,192.168.0.144,987,67,Port_Scan
1730900657.2064466,192.168.0.67,1016,29,DDOS
1730900657.8844466,192.168.0.125,1373,4,DDOS
1730900667.214342,192.168.0.61,807,41,Port_Scan
1730900667.893117,192.168.0.225,1316,54,Port_Scan
1730900677.2313085,192.168.0.126,1429,48,Port_Scan
1730900677.9076855,192.168.0.104,1084,97,DDOS
1730900687.2357624,192.168.0.135,1414,46,Normal
1730900687.9124684,192.168.0.73,862,16,Port_Scan
1730900697.252411,192.168.0.211,1334,27,Normal
1730900697.9188807,192.168.0.249,745,80,DDOS
1730900707.2567017,192.168.0.22,668,38,DDOS
1730900707.9342682,192.168.0.228,562,99,Normal
1730900717.2725585,192.168.0.200,1263,61,Port_Scan
1730900717.9469018,192.168.0.82,1234,26,DDOS
